{
  "B1": {
    "exact_match": 0.275,
    "f1": 0.36922799422799424,
    "explainability": 0.8903238095238095,
    "latency_mean": 1.8328406950000045,
    "latency_p95": 5.353880540000129,
    "latency_min": 0.5188519000002998,
    "latency_max": 18.769249099999797,
    "agent_latency_mean": {}
  },
  "B2": {
    "exact_match": 0.105,
    "f1": 0.16636904761904764,
    "explainability": 0.7903809523809524,
    "latency_mean": 1.7266370830000597,
    "latency_p95": 5.088713289999388,
    "latency_min": 0.5401077000005898,
    "latency_max": 18.184168699999645,
    "agent_latency_mean": {}
  },
  "OURS": {
    "exact_match": 0.285,
    "f1": 0.35762301587301587,
    "explainability": 0.8174333333333333,
    "latency_mean": 9.68932558399997,
    "latency_p95": 16.59738754499975,
    "latency_min": 3.5519991000001028,
    "latency_max": 42.553112199999305,
    "agent_latency_mean": {
      "critic": 2.4168664179998904,
      "decomposer": 1.4649171395000575,
      "reasoner": 3.1537544675000206,
      "retriever": 2.6510136044997763
    }
  }
}