{
  "B1": {
    "exact_match": 0.33,
    "f1": 0.447969070961718,
    "explainability": 0.9341815295815296
  },
  "B2": {
    "exact_match": 0.245,
    "f1": 0.3626239177489177,
    "explainability": 0.869531746031746
  },
  "OURS": {
    "exact_match": 0.39,
    "f1": 0.495666986687148,
    "explainability": 0.8744666666666667
  }
}