{
  "B1": {
    "exact_match": 0.29,
    "f1": 0.4118904625068418,
    "explainability": 0.92815
  },
  "B2": {
    "exact_match": 0.2,
    "f1": 0.3087056277056277,
    "explainability": 0.6728142857142858
  },
  "OURS": {
    "exact_match": 0.36,
    "f1": 0.45494998631636563,
    "explainability": 0.7516666666666667
  }
}