{
  "hotpotqa": {
    "B1": 2.8752699265000365,
    "B2": 2.7572323295000003,
    "OURS": 10.255962846499992,
    "B1_p95": 7.43878687000017,
    "B2_p95": 7.2851954000002666,
    "OURS_p95": 20.609599659999905
  },
  "musique": {
    "B1": 2.313067959499981,
    "B2": 2.257059793999979,
    "OURS": 11.906487294000021,
    "B1_p95": 6.619276280000165,
    "B2_p95": 6.578299334999746,
    "OURS_p95": 20.310741579999867
  },
  "2wikimultihopqa": {
    "B1": 1.8328406950000045,
    "B2": 1.7266370830000597,
    "OURS": 9.68932558399997,
    "B1_p95": 5.353880540000129,
    "B2_p95": 5.088713289999388,
    "OURS_p95": 16.59738754499975
  }
}