{
  "hotpotqa": {
    "B1": 3.050369964499296,
    "B2": 2.971907924500083,
    "OURS": 10.67066482700011,
    "B1_p95": 8.159607139994838,
    "B2_p95": 8.090409134998113,
    "OURS_p95": 20.766292210001104
  },
  "musique": {
    "B1": 2.4468234579998533,
    "B2": 2.385452593000191,
    "OURS": 9.434477878999969,
    "B1_p95": 7.3877201100003695,
    "B2_p95": 7.325710980001165,
    "OURS_p95": 20.569569654994833
  },
  "2wikimultihopqa": {
    "B1": 1.91614035599996,
    "B2": 1.8557759984997029,
    "OURS": 8.751766876499605,
    "B1_p95": 6.090382689999384,
    "B2_p95": 5.976017485003827,
    "OURS_p95": 21.15572865500107
  }
}