{
  "hotpotqa": {
    "B1": 15.108433777500018,
    "B2": 7.911863418500024,
    "OURS": 77.91657502549988,
    "B1_p95": 22.327117495000742,
    "B2_p95": 13.622469344999853,
    "OURS_p95": 129.45597893499962
  },
  "musique": {
    "B1": 14.312629155499872,
    "B2": 30.4582612710001,
    "OURS": 93.3423194675001,
    "B1_p95": 19.979397974999475,
    "B2_p95": 13.279168849999586,
    "OURS_p95": 133.5220679300018
  },
  "2wikimultihopqa": {
    "B1": 13.166102713500223,
    "B2": 5.868445185500277,
    "OURS": 80.01391212300037,
    "B1_p95": 19.759443909996477,
    "B2_p95": 12.002144789996235,
    "OURS_p95": 120.7653987200014
  }
}